Abington,
Adams,
Amesbury,
Amherst,
Andover,
Arlington,
Athol,
Attleboro,
Barnstable,
Bedford,
Beverly,
Boston,
Bourne,
Braintree,
Brockton,
Brookline,
Cambridge,
Canton,
Charlestown,
Chelmsford,
Chelsea,
Chicopee,
Clinton,
Cohasset,
Concord,
Danvers,
Dartmouth,
Dedham,
Dennis,
Duxbury,
Eastham,
Edgartown,
Everett,
Fairhaven,
Fall River,
Falmouth,
Fitchburg,
Framingham,
Gloucester,
Great Barrington,
Greenfield,
Groton,
Harwich,
Haverhill,
Hingham,
Holyoke,
Hyannis,
Ipswich,
Lawrence,
Lenox,
Leominster,
Lexington,
Lowell,
Ludlow,
Lynn,
Malden,
Marblehead,
Marlborough,
Medford,
Milton,
Nahant,
Natick,
New Bedford,
Newburyport,
Newton,
North Adams,
Northampton,
Norton,
Norwood,
Peabody,
Pittsfield,
Plymouth,
Provincetown,
Quincy,
Randolph,
Revere,
Salem,
Sandwich,
Saugus,
Somerville,
South Hadley,
Springfield,
Stockbridge,
Stoughton,
Sturbridge,
Sudbury,
Taunton,
Tewksbury,
Truro,
Watertown,
Webster,
Wellesley,
Wellfleet,
West Bridgewater,
West Springfield,
Westfield,
Weymouth,
Whitman,
Williamstown,
Woburn,
Woods Hole,
